USE BD_VEHICULOS;
GO
-- INSERT PAISES
INSERT INTO Paises VALUES
 ('W', 'Alemania'),
 ('8', 'Argentina'),
 ('6', 'Australia'),
 ('U', 'Austria'),
 ('B', 'Belgica'),
 ('9', 'Brasil'),
 ('2', 'Canada'),
 ('4', 'Chile'),
 ('L', 'China'),
 ('K', 'Corea del Sur'),
 ('C', 'Croacia'),
 ('V', 'España'),
 ('1', 'Estados Unidos'),
 ('D', 'Dinamarca'),
 ('G', 'Finlandia'),
 ('F', 'Francia'),
 ('E', 'Hungria'),
 ('M', 'India'),
 ('S', 'Inglaterra'),
 ('Z', 'Italia'),
 ('J', 'Japón'),
 ('3', 'Mexico'),
 ('H', 'Holanda'),
 ('7', 'Nueva Zelanda'),
 ('N', 'Polonia'),
 ('P', 'Portugal'),
 ('X', 'Rusia'),
 ('A', 'Sudafrica'),
 ('Y', 'Suecia'),
 ('T', 'Suiza'),
 ('R', 'Tailandia'),
 ('5', 'Uruguay');
GO
-- INSERT FABRICANTES
INSERT INTO Fabricantes VALUES
('MB', 'Mercedes-Benz', 'Bremen, Alemania', 'info@mercedesbenz', 260000),
('BM', 'BMW', 'Munich, Alemania', 'info@bmw', 71000),
('PO', 'Porsche', 'Stuttgart, Alemania', 'info@porsche', 19000),
('FE', 'Ferrari S.p.A.', 'Maranello, Italia', 'info@ferrari', 3000),
('AU', 'Audi', 'Zwickau, Alemania', 'info@audi', 58000),
('AM', 'Aston Martin', 'Londres, Inglaterra', 'info@astonmartin', 1850),
('TO', 'Toyota', 'Tokyo, Japón', 'info@toyota', 32689),
('MA', 'Maserati', 'Bolonia, Italia', 'info@maserati', 714),
('RR', 'Rolls-Royce', 'Mánchester, Inglaterra', 'info@rollsroyce', 743),
('TM', 'Tesla Motors', 'California, Estados Unidos', 'info@teslamotors', 14000),
('LX', 'Lexus', 'Nagoya, Aichi, Japón', 'info@lexus', 300),
('BU', 'Bugatti', 'Molsheim, Francia', 'info@bugatti', 975),
('VW', 'Volkswagen Group', 'Berlín, Alemania', 'info@volkswagen', 572800),
('BE', 'Bentley Motors Limited', 'Londres, Inglaterra', 'info@bentleymotors', 4000),
('HO', 'Honda', 'Hamamatsu, Japón', 'info@honda', 181876),
('VO', 'Volvo Cars', 'Gotemburgo, Suecia', 'info@volvocars', 22112),
('FO', 'Ford', 'Míchigan, Estados Unidos', 'info@ford', 198000),
('SU', 'Subaru', 'Shinjuku-ku, Japón', 'info@subaru', 11998),
('MC', 'McLaren Automotive', 'Woking, Inglaterra', 'info@mcLaren', 500),
('NI', 'Nissan Motor Co., Ltd.', 'Yokohama, Japón', 'info@nissanmotor', 186336),
('AR', 'Alfa Romeo', 'Milán, Italia', 'info@alfaromeo', 19000),
('KO', 'Koenigsegg', 'Estocolmo, Suecia', 'info@koenigsegg', 50),
('JA', 'Jaguar Cars', 'Coventry, Inglaterra', 'info@jaguarcars', 10000),
('PA', 'Pagani', 'San Cesario sul Panaro, Italia', 'info@pagani', 21000),
('CH', 'Chevrolet', 'Detroit, Estados Unidos', 'info@chevrolet', 219000),
('LR', 'Land Rover', 'West Midlands, Inglaterra', 'info@landrover', 10000),
('LA', 'Lamborghini', 'SantAgata Bolognese, Italia', 'info@lamborghini', 867),
('CA', 'Cadillac', 'Detroit, Estados Unidos', 'info@cadillac', 500),
('LO', 'Lotus Cars', 'Norfolk, Inglaterra', 'info@lotuscars', 2000),
('MS', 'Mitsubishi', 'Tokyo, Japón', 'info@mitsubishi', 350000),
('JE', 'Jeep', 'Ohio, Estados Unidos', 'info@jeep', 2000),
('MG', 'MG Cars', 'Oxford, Inglaterra', 'info@mgcards', 540),
('LI', 'Lincoln Motor Company', 'Míchigan, Inglaterra', 'info@lincolnmotorcompany', 1500),
('FI', 'Fiat S.p.A.', 'Turin, Italia', 'info@fiatspa', 77817),
('HY', 'Hyundai', 'Seúl, Corea del Sur', 'info@hyundai', 75000),
('PT', 'Pontiac', 'Míchigan, Estados Unidos', 'info@pontiac', 400),
('SA', 'Saab Automobile AB', 'Trollhättan, Suecia', 'info@saabautomobile', 3200),
('GM', 'GMC', 'Míchigan, Estados Unidos', 'info@gmc', 55000),
('SK', 'Skoda Auto Slovakia', 'Boleslav, Republica Checa', 'info@skodaautoslovakia', 35000),
('MI', 'Mini', 'Oxford, Inglaterra', 'info@mini', 400),
('SZ', 'Suzuki Motor Corporation', 'Shizuoka, Japón', 'info@suzukimotor', 45000),
('CY', 'Chrysler', 'Míchigan, Estados Unidos', 'info@chrysler', 2000),
('DG', 'Dodge', 'Gilching, Alemania', 'info@dodge', 2000),
('CI', 'Citroen', 'Paris, Francia', 'info@citroen', 13900),
('OP', 'Opel', 'Russelsheim am Main, Alemania', 'info@opel', 32158),
('PE', 'Peugeot', 'Sochaux, Francia', 'info@peugeot', 198210),
('PL', 'Plymouth', 'Míchigan, Estados Unidos', 'info@plymouth', 1500),
('RT', 'Renault', 'Billancourt, Francia', 'info@renault', 122615),
('MZ', 'Mazda', 'Hiroshima, Japón', 'info@mazda', 46398),
('ST', 'Seat', 'Barcelona, España', 'info@seat', 11458);
GO
-- INSERT VEHICULOS
INSERT INTO Vehiculos VALUES
('19XFA16869E003306', 'Nissan Versa', 'Amarilo Indio', 1035, '106 Cv a 5,600 rpm, gasolina 5 s., manual', 'J', 'NI'),
('1G4HR54K544271535', 'Chevrolet Aveo', 'Gris Plata', 1100, '100 Cv, gasolina 6 s., automático', '1', 'CH'),
('1GKFC06289R108826', 'Volkswagen Vento', 'Amarillo Arena', 1437, '75 Cv, gasolina 5 s., manual', 'W', 'VW'),
('1GTGK24K2ME538465', 'Volkswagen Jetta', 'Azul Cobalto', 2310, '170 Cv, gasolina 7 s., secuencial automático', 'W', 'VW'),
('JF1GJAS6XFH059334', 'Chevrolet Spark', 'Verde Oliva', 965, '68 Cv, gasolina 5 s., manual', '1', 'CH'),
('1GCEG25NXF7110927', 'Nissan Tsuru', 'Verde Xanadu', 1059, '2.0 L 16V y 140 Cv, gasolina 5 s., manual,', 'J', 'NI'),
('LHJPCHL015B005929', 'Nissan March', 'Rojo Carmín', 1047, '1.6 16v Extra Full, automática 4 velocidades', 'J', 'NI'),
('1HD1FFW135Y637140', 'Chevrolet Sonic', 'Verde Veronés', 1085, 'Motor 1,6 litros, 115 a 6.000 (HP-CV/rpm)', '1', 'CH'),
('4UZAASBW02CK70115', 'Nissan Sentra', 'Gris Plata', 1665, 'S 2.0 16V CVT (Flex)', 'J', 'NI'),
('1FTCA15U8RZA00994', 'Nissan X-Trail', 'Negro Classic', 1575, '1.6 dCi de 130 Cv, transmision cvt, ', 'J', 'NI'),
('1FMYU22E5WUA30961', 'Chevrolet Trax', 'Rojo Escarlata', 1926, '130 Cv, gasolina 6 s., manual', '1', 'CH'),
('4JGBF2FB4AA566018', 'Nissan Tiida', 'Blanco', 1170, '1.6 litros de 110 CV (HR16DE)', 'J', 'NI'),
('JTHDL1EF2B5010450', 'Honda CR-V', 'Verde Cazador', 2400, '155 Cv, gasolina 6 s., manual', 'J', 'HO'),
('1M2K193C0PM039279', 'Volkswagen Golf', 'Azul de Prusia', 1464, '85 Cv, gasolina 5 s., manual', 'W', 'VW'),
('2FTDF15H7HCA68059', 'Hyundai Accent', 'Gris Plata', 1035, '97 Cv, gasolina 5 s., manual', 'K', 'HY'),
('3B3BD31K9HT797556', 'Dodge Attitude', 'Lavanda', 1040, '170 Cv, gasolina 5 s., manual', 'W', 'DG'),
('JTMZF4DVXAD035271', 'Honda HR-V', 'Blanco', 1324, '130 Cv, gasolina 6 s., manual', 'J', 'HO'),
('JM1BL1UGXC1652359', 'Nissan Frontier', 'Negro Classic', 2740, '190 Cv, diesel 6 s., manual', 'J', 'NI'),
('5FNRL38725B575243', 'Renault Duster', 'Blanco Marfil', 1273, '120 Cv, gasolina 6 s.,', 'F', 'RT'),
('1ZVHT88SX75361339', 'Toyota Hilux', 'Rojo Borgoña', 2450, '144 Cv, diesel 5 s., manual', 'J', 'TO');
GO
-- INSERT PLANTAS
INSERT INTO Plantas VALUES
(139495, 'BM', 'Starba', 'Berlin, Alemania', 'info@starba.com', 'W'),
(902778, 'MC', 'Torport', 'Rio de Janeiro, Brazil', 'info@torport.com', '9'),
(654911, 'AU', 'Resaic', 'Bologna, Italia', 'info@resaic.com', 'Z'),
(136342, 'NI', 'Aluzukanc', 'Nueva Delhi, India', 'info@aluzukanc.com', 'M'),
(055123, 'LA', 'Syscir', 'Amsterdam, Holanda', 'info@syscir.com', 'H'),
(624332, 'KO', 'Bran', 'Estocolmo, Suecia', 'info@bran.com', 'Y'),
(602645, 'MS', 'Genrgyen', 'Dongguan, China', 'info@genrgyen.com', 'L'),
(668272, 'LO', 'Liverver', 'Ahmedabad, India', 'info@liverver.com', 'M'),
(116700, 'SU', 'Texplects', 'Boston, Estados Unidos', 'info@texplects.com', '1'),
(156941, 'MG', 'Eleyce', 'Madrid, España', 'info@eleyce.com', 'V'),
(985640, 'HY', 'Teler', 'Paris, Francia', 'info@teler.com', 'F'),
(685093, 'GM', 'Budwil', 'Cape Town, Sudafrica', 'info@budwil.com', 'A'),
(834357, 'SA', 'Fortz', 'Tokyo, Japón', 'info@fortz.com', 'J'),
(395118, 'PL', 'Phinsi', 'Shenyang, China', 'info@phinsi.com', 'L'),
(004335, 'DG', 'Inpub', 'Londres, Inglaterra', 'info@inpub.com', 'S'),
(804964, 'CY', 'Fresc', 'Pune, India', 'info@fresc.com', 'M'),
(405929, 'FI', 'Falm', 'Copenhague, Dinamarca', 'info@falm.com', 'D'),
(848931, 'MZ', 'Soupsong', 'Yokohama, Japón', 'info@soupsong.com', 'J'),
(461165, 'ST', 'Scouston', 'Sion, Suiza', 'info@scouston.com', 'T'),
(159148, 'SZ', 'Swischita', 'Shenyang, China', 'info@swischita.com', 'L');
GO
-- INSERT ENVIOS
INSERT INTO Envios VALUES
('01/06/15',171900,'1','W'),
('01/01/16',418510,'J','1'),
('01/06/16',579000,'K','3'),
('22/08/16',127080,'W','H'),
('31/12/16',52350,'1','L'),
('01/01/17',911400,'J','P'),
('01/06/17',46800,'W','8'),
('22/08/17',768000,'1','L'),
('31/12/17',39720,'F','F'),
('01/06/18',348150,'K','L');
GO
-- INSERT CARGA
INSERT INTO Carga VALUES
(1, 1, '19XFA16869E003306',155250,150),
(2, 2, '1G4HR54K544271535',88000,80),
(2, 3, '1GKFC06289R108826',330510,230),
(3, 4, 'JF1GJAS6XFH059334',579000,600),
(4, 5, '1GCEG25NXF7110927',127080,120),
(5, 6, 'LHJPCHL015B005929',52350,50),
(1, 7, '4UZAASBW02CK70115',16650,10),
(6, 8, '1FTCA15U8RZA00994',299250,190),
(7, 9, '4JGBF2FB4AA566018',46800,40),
(8, 10, 'JTHDL1EF2B5010450',768000,320),
(6, 11, '1M2K193C0PM039279',146400,100),
(6, 12, '2FTDF15H7HCA68059',465750,450),
(9, 13, 'JTMZF4DVXAD035271',39720,30),
(10, 14, 'JM1BL1UGXC1652359',164400,60),
(10, 15, '1ZVHT88SX75361339',183750,75);
